<?xml version="1.0" encoding="UTF-8"?>
<!--
 This is a WordPress eXtended RSS file generated by WordPress as an export of your site.
 It contains information about your site's posts, pages, comments, categories, and other content.
 You may use this file to transfer that content from one site to another.
 This file is not intended to serve as a complete backup of your site.

 To import this information into a WordPress site follow these steps:
 1. Log in to that site as an administrator.
 2. Go to Tools: Import in the WordPress admin panel.
 3. Install the "WordPress" importer from the list.
 4. Activate & Run Importer.
 5. Upload this file using the form provided on that page.
 6. You will first be asked to map the authors in this export file to users
    on the site. For each author, you may choose to map to an
    existing user on the site or to create a new user.
 7. WordPress will then import each of the posts, pages, comments, categories, etc.
    contained in this file into your site.
-->
<!-- generator="WordPress.com" created="2022-06-02 10:46"-->
<rss version="2.0" xmlns:excerpt="http://wordpress.org/export/1.2/excerpt/" xmlns:content="http://purl.org/rss/1.0/modules/content/" xmlns:wfw="http://wellformedweb.org/CommentAPI/" xmlns:dc="http://purl.org/dc/elements/1.1/" xmlns:wp="http://wordpress.org/export/1.2/">
  <channel>
<title>amici di bordernights</title>
<link>https://amicidibn.wordpress.com</link>
<description>spacchiamo la matrix</description>
<pubDate>Thu, 02 Jun 2022 10:46:51 +0000</pubDate>
<language>it-IT</language>
<wp:wxr_version>1.2</wp:wxr_version>
<wp:base_site_url>http://wordpress.com/</wp:base_site_url>
<wp:base_blog_url>https://amicidibn.wordpress.com</wp:base_blog_url>
<wp:author>
  <wp:author_id>218713714</wp:author_id>
  <wp:author_login>1990captainemo</wp:author_login>
  <wp:author_email>1990captainemo@gmail.com</wp:author_email>
  <wp:author_display_name><![CDATA[Nemo Captain]]></wp:author_display_name>
  <wp:author_first_name><![CDATA[Nemo]]></wp:author_first_name>
  <wp:author_last_name><![CDATA[Captain]]></wp:author_last_name>
</wp:author>
<wp:category>
  <wp:term_id>32176</wp:term_id>
  <wp:category_nicename>senza-categoria</wp:category_nicename>
  <wp:category_parent/>
  <wp:cat_name><![CDATA[Senza categoria]]></wp:cat_name>
</wp:category>
<wp:term>
  <wp:term_id>688637351</wp:term_id>
  <wp:term_taxonomy>nav_menu</wp:term_taxonomy>
  <wp:term_slug>principale</wp:term_slug>
  <wp:term_name><![CDATA[Principale]]></wp:term_name>
</wp:term>
<generator>http://wordpress.com/</generator>
<image>
		<url>http://s0.wp.com/i/buttonw-com.png</url>
		<title>amici di bordernights</title>
		<link>https://amicidibn.wordpress.com</link>
	</image>
	<item>
  <title><![CDATA[Amici di BorderNights]]></title>
  <link>https://amicidibn.wordpress.com/</link>
  <pubDate>Mon, 21 Mar 2022 14:03:51 +0000</pubDate>
  <dc:creator>1990captainemo</dc:creator>
  <guid isPermaLink="false">https://amicidibn.wordpress.com/home/</guid>
  <description/>
  <content:encoded><![CDATA[<!-- wp:paragraph -->
<p>Spacchiamo la matrix</p>
<!-- /wp:paragraph -->

<!-- wp:heading -->
<h2>Questo è il portale dove la conoscenza viene messa a confronto, e si prova a praticarla.</h2>
<!-- /wp:heading -->

<!-- wp:group -->
<div class="wp-block-group"><!-- wp:query {"queryId":8,"query":{"perPage":"10","pages":0,"offset":0,"postType":"post","order":"desc","orderBy":"date","author":"","search":"","exclude":[],"sticky":"","inherit":false},"displayLayout":{"type":"list"}} -->
<div class="wp-block-query"><!-- wp:post-template -->
<!-- wp:paragraph -->
<p>Amici di BorderNights, è il blog degli appassionati di tematiche di confine generalmente trattati anche dalla trasmissione di BorderNights.</p>
<!-- /wp:paragraph -->

<!-- wp:group {"align":"wide"} -->
<div class="wp-block-group alignwide"><!-- wp:image {"id":10,"sizeSlug":"large","linkDestination":"none"} -->
<figure class="wp-block-image size-large"><img src="https://amicidibn.files.wordpress.com/2022/03/photo_2022-03-13_05-41-58.jpg?w=736" alt="" class="wp-image-10" /></figure>
<!-- /wp:image --></div>
<!-- /wp:group -->

<!-- wp:paragraph -->
<p>Nel nostro mondo abbiamo la dualità della coscienza, e questa deve fare esperienza, ma cosa significa?<br>Abbiamo comprendo l'essenza delle cose?<br>Cos'è l'entropia? <br>Capiamo la distinzione tra sogno e realtà?<br>Come gestiamo gli equilibri di energia personale e l'interazione col mondo esterno?<br>Quali sono le forza che più sappiamo gestire?<br>Il mondo esteriore lo riusciamo a cambiare?</p>
<!-- /wp:paragraph -->

<!-- wp:group {"layout":{"type":"flex"}} -->
<div class="wp-block-group"><!-- wp:post-date {"isLink":true,"style":{"typography":{"fontSize":"16px"}}} /-->

<!-- wp:post-terms {"term":"category","style":{"typography":{"fontSize":"16px"}}} /-->

<!-- wp:post-terms {"term":"post_tag","style":{"typography":{"fontSize":"16px"}}} /--></div>
<!-- /wp:group -->

<!-- wp:spacer {"height":"120px"} -->
<div style="height:120px;" aria-hidden="true" class="wp-block-spacer"></div>
<!-- /wp:spacer -->
<!-- /wp:post-template -->

<!-- wp:query-pagination -->
<!-- wp:query-pagination-previous /-->

<!-- wp:query-pagination-next /-->
<!-- /wp:query-pagination --></div>
<!-- /wp:query --></div>
<!-- /wp:group -->]]></content:encoded>
  <excerpt:encoded><![CDATA[]]></excerpt:encoded>
  <wp:post_id>2</wp:post_id>
  <wp:post_date>2022-03-21 15:03:51</wp:post_date>
  <wp:post_date_gmt>2022-03-21 14:03:51</wp:post_date_gmt>
  <wp:post_modified>2022-03-21 16:03:07</wp:post_modified>
  <wp:post_modified_gmt>2022-03-21 15:03:07</wp:post_modified_gmt>
  <wp:comment_status>closed</wp:comment_status>
  <wp:ping_status>closed</wp:ping_status>
  <wp:post_name>home</wp:post_name>
  <wp:status>publish</wp:status>
  <wp:post_parent>0</wp:post_parent>
  <wp:menu_order>0</wp:menu_order>
  <wp:post_type>page</wp:post_type>
  <wp:post_password/>
  <wp:is_sticky>0</wp:is_sticky>
  <wp:postmeta>
    <wp:meta_key>sharing_disabled</wp:meta_key>
    <wp:meta_value><![CDATA[a:1:{i:0;N;}]]></wp:meta_value>
  </wp:postmeta>
  <wp:postmeta>
    <wp:meta_key>switch_like_status</wp:meta_key>
    <wp:meta_value><![CDATA[a:1:{i:0;N;}]]></wp:meta_value>
  </wp:postmeta>
  <wp:postmeta>
    <wp:meta_key>_starter_page_template</wp:meta_key>
    <wp:meta_value><![CDATA[blank]]></wp:meta_value>
  </wp:postmeta>
  <wp:postmeta>
    <wp:meta_key>_wp_page_template</wp:meta_key>
    <wp:meta_value><![CDATA[]]></wp:meta_value>
  </wp:postmeta>
  <wp:postmeta>
    <wp:meta_key>_publicize_pending</wp:meta_key>
    <wp:meta_value><![CDATA[1]]></wp:meta_value>
  </wp:postmeta>
  <wp:postmeta>
    <wp:meta_key>_last_editor_used_jetpack</wp:meta_key>
    <wp:meta_value><![CDATA[block-editor]]></wp:meta_value>
  </wp:postmeta>
</item>
<item>
  <title><![CDATA[Ciao mondo!]]></title>
  <link>https://amicidibn.wordpress.com/2022/03/21/hello-world/</link>
  <pubDate>Mon, 21 Mar 2022 14:03:50 +0000</pubDate>
  <dc:creator>1990captainemo</dc:creator>
  <guid isPermaLink="false">https://amicidibn.wordpress.com/2022/03/21/hello-world/</guid>
  <description/>
  <content:encoded><![CDATA[<!-- wp:paragraph --> <p>Benvenuto in WordPress. Questo è il tuo primo articolo. Modificalo o eliminalo così da fare il primo passo nel tuo viaggio nel mondo del blogging.</p> <!-- /wp:paragraph -->]]></content:encoded>
  <excerpt:encoded><![CDATA[]]></excerpt:encoded>
  <wp:post_id>3</wp:post_id>
  <wp:post_date>2022-03-21 15:03:50</wp:post_date>
  <wp:post_date_gmt>2022-03-21 14:03:50</wp:post_date_gmt>
  <wp:post_modified>2022-03-21 15:03:50</wp:post_modified>
  <wp:post_modified_gmt>2022-03-21 14:03:50</wp:post_modified_gmt>
  <wp:comment_status>open</wp:comment_status>
  <wp:ping_status>open</wp:ping_status>
  <wp:post_name>hello-world</wp:post_name>
  <wp:status>publish</wp:status>
  <wp:post_parent>0</wp:post_parent>
  <wp:menu_order>0</wp:menu_order>
  <wp:post_type>post</wp:post_type>
  <wp:post_password/>
  <wp:is_sticky>0</wp:is_sticky>
  <category domain="category" nicename="senza-categoria"><![CDATA[Senza categoria]]></category>
  <wp:postmeta>
    <wp:meta_key>_headstart_post</wp:meta_key>
    <wp:meta_value><![CDATA[_hs_extra]]></wp:meta_value>
  </wp:postmeta>
  <wp:postmeta>
    <wp:meta_key>sharing_disabled</wp:meta_key>
    <wp:meta_value><![CDATA[a:1:{i:0;N;}]]></wp:meta_value>
  </wp:postmeta>
  <wp:postmeta>
    <wp:meta_key>switch_like_status</wp:meta_key>
    <wp:meta_value><![CDATA[a:1:{i:0;N;}]]></wp:meta_value>
  </wp:postmeta>
  <wp:postmeta>
    <wp:meta_key>_starter_page_template</wp:meta_key>
    <wp:meta_value><![CDATA[]]></wp:meta_value>
  </wp:postmeta>
  <wp:postmeta>
    <wp:meta_key>_wpas_skip_all_services</wp:meta_key>
    <wp:meta_value><![CDATA[1]]></wp:meta_value>
  </wp:postmeta>
  <wp:postmeta>
    <wp:meta_key>_publicize_pending</wp:meta_key>
    <wp:meta_value><![CDATA[1]]></wp:meta_value>
  </wp:postmeta>
  <wp:postmeta>
    <wp:meta_key>_last_editor_used_jetpack</wp:meta_key>
    <wp:meta_value><![CDATA[block-editor]]></wp:meta_value>
  </wp:postmeta>
</item>
<item>
  <title><![CDATA[]]></title>
  <link>https://amicidibn.wordpress.com/2022/03/21/4/</link>
  <pubDate>Mon, 21 Mar 2022 14:08:51 +0000</pubDate>
  <dc:creator>1990captainemo</dc:creator>
  <guid isPermaLink="false">https://amicidibn.wordpress.com/2022/03/21/4/</guid>
  <description/>
  <content:encoded><![CDATA[ ]]></content:encoded>
  <excerpt:encoded><![CDATA[]]></excerpt:encoded>
  <wp:post_id>4</wp:post_id>
  <wp:post_date>2022-03-21 15:08:51</wp:post_date>
  <wp:post_date_gmt>2022-03-21 14:08:51</wp:post_date_gmt>
  <wp:post_modified>2022-03-21 15:08:51</wp:post_modified>
  <wp:post_modified_gmt>2022-03-21 14:08:51</wp:post_modified_gmt>
  <wp:comment_status>closed</wp:comment_status>
  <wp:ping_status>closed</wp:ping_status>
  <wp:post_name>4</wp:post_name>
  <wp:status>publish</wp:status>
  <wp:post_parent>0</wp:post_parent>
  <wp:menu_order>1</wp:menu_order>
  <wp:post_type>nav_menu_item</wp:post_type>
  <wp:post_password/>
  <wp:is_sticky>0</wp:is_sticky>
  <category domain="nav_menu" nicename="principale"><![CDATA[Principale]]></category>
  <wp:postmeta>
    <wp:meta_key>_publicize_pending</wp:meta_key>
    <wp:meta_value><![CDATA[1]]></wp:meta_value>
  </wp:postmeta>
  <wp:postmeta>
    <wp:meta_key>_menu_item_type</wp:meta_key>
    <wp:meta_value><![CDATA[post_type]]></wp:meta_value>
  </wp:postmeta>
  <wp:postmeta>
    <wp:meta_key>_menu_item_menu_item_parent</wp:meta_key>
    <wp:meta_value><![CDATA[0]]></wp:meta_value>
  </wp:postmeta>
  <wp:postmeta>
    <wp:meta_key>_menu_item_object_id</wp:meta_key>
    <wp:meta_value><![CDATA[2]]></wp:meta_value>
  </wp:postmeta>
  <wp:postmeta>
    <wp:meta_key>_menu_item_object</wp:meta_key>
    <wp:meta_value><![CDATA[page]]></wp:meta_value>
  </wp:postmeta>
  <wp:postmeta>
    <wp:meta_key>_menu_item_target</wp:meta_key>
    <wp:meta_value><![CDATA[]]></wp:meta_value>
  </wp:postmeta>
  <wp:postmeta>
    <wp:meta_key>_menu_item_classes</wp:meta_key>
    <wp:meta_value><![CDATA[a:1:{i:0;s:0:"";}]]></wp:meta_value>
  </wp:postmeta>
  <wp:postmeta>
    <wp:meta_key>_menu_item_xfn</wp:meta_key>
    <wp:meta_value><![CDATA[]]></wp:meta_value>
  </wp:postmeta>
  <wp:postmeta>
    <wp:meta_key>_menu_item_url</wp:meta_key>
    <wp:meta_value><![CDATA[]]></wp:meta_value>
  </wp:postmeta>
  <wp:postmeta>
    <wp:meta_key>_menu_item_content</wp:meta_key>
    <wp:meta_value><![CDATA[]]></wp:meta_value>
  </wp:postmeta>
</item>
<item>
  <title><![CDATA[Custom Styles]]></title>
  <link>https://amicidibn.wordpress.com/2022/03/21/wp-global-styles-pub%2ftwentyfourteen/</link>
  <pubDate>Mon, 21 Mar 2022 14:31:48 +0000</pubDate>
  <dc:creator>1990captainemo</dc:creator>
  <guid isPermaLink="false">https://amicidibn.wordpress.com/2022/03/21/wp-global-styles-pub%2ftwentyfourteen/</guid>
  <description/>
  <content:encoded><![CDATA[{"version":2,"isGlobalStylesUserThemeJSON":true}]]></content:encoded>
  <excerpt:encoded><![CDATA[]]></excerpt:encoded>
  <wp:post_id>7</wp:post_id>
  <wp:post_date>2022-03-21 15:31:48</wp:post_date>
  <wp:post_date_gmt>2022-03-21 14:31:48</wp:post_date_gmt>
  <wp:post_modified>2022-03-21 15:31:48</wp:post_modified>
  <wp:post_modified_gmt>2022-03-21 14:31:48</wp:post_modified_gmt>
  <wp:comment_status>closed</wp:comment_status>
  <wp:ping_status>closed</wp:ping_status>
  <wp:post_name>wp-global-styles-pub%2ftwentyfourteen</wp:post_name>
  <wp:status>publish</wp:status>
  <wp:post_parent>0</wp:post_parent>
  <wp:menu_order>0</wp:menu_order>
  <wp:post_type>wp_global_styles</wp:post_type>
  <wp:post_password/>
  <wp:is_sticky>0</wp:is_sticky>
  <category domain="wp_theme" nicename="pub-twentyfourteen"><![CDATA[pub/twentyfourteen]]></category>
  <wp:postmeta>
    <wp:meta_key>_publicize_pending</wp:meta_key>
    <wp:meta_value><![CDATA[1]]></wp:meta_value>
  </wp:postmeta>
</item>
<item>
  <title><![CDATA[photo_2022-03-13_05-41-58]]></title>
  <link>https://amicidibn.wordpress.com/photo_2022-03-13_05-41-58/</link>
  <pubDate>Mon, 21 Mar 2022 14:49:39 +0000</pubDate>
  <dc:creator>1990captainemo</dc:creator>
  <guid isPermaLink="false">http://amicidibn.files.wordpress.com/2022/03/photo_2022-03-13_05-41-58.jpg</guid>
  <description/>
  <content:encoded><![CDATA[]]></content:encoded>
  <excerpt:encoded><![CDATA[]]></excerpt:encoded>
  <wp:post_id>10</wp:post_id>
  <wp:post_date>2022-03-21 15:49:39</wp:post_date>
  <wp:post_date_gmt>2022-03-21 14:49:39</wp:post_date_gmt>
  <wp:post_modified>2022-03-21 15:49:39</wp:post_modified>
  <wp:post_modified_gmt>2022-03-21 14:49:39</wp:post_modified_gmt>
  <wp:comment_status>open</wp:comment_status>
  <wp:ping_status>closed</wp:ping_status>
  <wp:post_name>photo_2022-03-13_05-41-58</wp:post_name>
  <wp:status>inherit</wp:status>
  <wp:post_parent>0</wp:post_parent>
  <wp:menu_order>0</wp:menu_order>
  <wp:post_type>attachment</wp:post_type>
  <wp:post_password/>
  <wp:is_sticky>0</wp:is_sticky>
  <wp:attachment_url>https://amicidibn.files.wordpress.com/2022/03/photo_2022-03-13_05-41-58.jpg</wp:attachment_url>
  <wp:postmeta>
    <wp:meta_key>_wp_attached_file</wp:meta_key>
    <wp:meta_value><![CDATA[/home/wpcom/public_html/wp-content/blogs.dir/80d/204164245/files/2022/03/photo_2022-03-13_05-41-58.jpg]]></wp:meta_value>
  </wp:postmeta>
  <wp:postmeta>
    <wp:meta_key>_wp_attachment_metadata</wp:meta_key>
    <wp:meta_value><![CDATA[a:6:{s:5:"width";i:736;s:6:"height";i:920;s:4:"file";s:102:"/home/wpcom/public_html/wp-content/blogs.dir/80d/204164245/files/2022/03/photo_2022-03-13_05-41-58.jpg";s:5:"sizes";a:0:{}s:10:"image_meta";a:12:{s:8:"aperture";s:1:"0";s:6:"credit";s:0:"";s:6:"camera";s:0:"";s:7:"caption";s:0:"";s:17:"created_timestamp";s:1:"0";s:9:"copyright";s:0:"";s:12:"focal_length";s:1:"0";s:3:"iso";s:1:"0";s:13:"shutter_speed";s:1:"0";s:5:"title";s:0:"";s:11:"orientation";s:1:"0";s:8:"keywords";a:0:{}}s:8:"filesize";i:83553;}]]></wp:meta_value>
  </wp:postmeta>
</item>
  </channel>
</rss>
